Date,Open,High,Low,Close,Volume,Adj Close
2017-04-28,23.57,23.719999,23.32,23.34,68974100,23.34
2017-04-27,23.90,23.93,23.459999,23.65,79533600,23.65
2017-04-26,24.00,24.190001,23.860001,23.889999,93016300,23.889999
2017-04-25,23.99,24.35,23.91,23.98,131121800,23.98
2017-04-24,23.24,23.85,23.24,23.629999,137863800,23.629999
2017-04-21,23.030001,23.08,22.59,22.709999,126916500,22.709999
2017-04-20,22.959999,23.17,22.82,23.07,103572600,23.07
2017-04-19,22.92,23.15,22.68,22.74,101281900,22.74
2017-04-18,23.110001,23.15,22.379999,22.709999,146190600,22.709999
2017-04-17,22.360001,22.83,22.26,22.809999,84390100,22.809999
2017-04-13,22.559999,22.959999,22.34,22.34,87579300,22.34
2017-04-12,22.879999,22.940001,22.610001,22.65,75912200,22.65
2017-04-11,22.83,22.950001,22.58,22.92,93882600,22.92
2017-04-10,23.129999,23.280001,22.91,23.02,60774200,23.02
2017-04-07,23.030001,23.34,22.93,23.16,79346100,23.16
2017-04-06,23.17,23.459999,22.959999,23.26,82812300,23.26
2017-04-05,23.77,23.879999,23.15,23.17,96966600,23.17
2017-04-04,23.200001,23.51,23.200001,23.440001,75138800,23.440001
2017-04-03,23.65,23.75,23.08,23.59,87861500,23.59
2017-03-31,23.83,23.969999,23.59,23.59,76843100,23.59
2017-03-30,23.379999,23.98,23.33,23.870001,78923500,23.870001
2017-03-29,23.51,23.65,23.309999,23.35,66798100,23.35
2017-03-28,23.01,23.67,23.00,23.48,95089300,23.48
2017-03-27,22.280001,23.049999,22.16,23.030001,116139900,23.030001
2017-03-24,23.200001,23.35,22.76,23.120001,112773500,23.120001
2017-03-23,23.040001,23.49,22.91,23.07,110698700,23.07
2017-03-22,22.65,23.18,22.450001,22.940001,167540300,22.940001
2017-03-21,24.50,24.559999,22.950001,23.02,258465900,23.02
2017-03-20,24.58,24.76,24.42,24.440001,85671300,24.440001
2017-03-17,25.219999,25.27,24.83,24.860001,104745300,24.860001
2017-03-16,25.24,25.49,25.190001,25.219999,69727100,25.219999
2017-03-15,25.389999,25.549999,24.959999,25.18,114229100,25.18
2017-03-14,25.190001,25.34,25.049999,25.32,62992600,25.32
2017-03-13,25.299999,25.41,25.129999,25.299999,56327600,25.299999
2017-03-10,25.620001,25.620001,25.09,25.309999,86734300,25.309999
2017-03-09,25.35,25.530001,25.23,25.35,78641900,25.35
2017-03-08,25.60,25.77,25.219999,25.26,104800300,25.26
2017-03-07,25.219999,25.360001,25.10,25.209999,63845400,25.209999
2017-03-06,25.33,25.35,25.08,25.25,75472700,25.25
2017-03-03,25.299999,25.65,25.299999,25.440001,92456100,25.440001
2017-03-02,25.68,25.799999,25.200001,25.23,99824600,25.23
2017-03-01,25.370001,25.610001,25.219999,25.50,143947500,25.50
2017-02-28,24.48,24.700001,24.42,24.68,90242000,24.605001
2017-02-27,24.200001,24.66,24.190001,24.57,69129100,24.495334
2017-02-24,24.120001,24.35,24.02,24.23,97074400,24.156367
2017-02-23,24.790001,24.889999,24.51,24.58,85846000,24.505304
2017-02-22,24.610001,24.950001,24.540001,24.790001,81531900,24.714667
2017-02-21,24.59,24.799999,24.58,24.780001,78571500,24.704697
2017-02-17,24.280001,24.58,24.200001,24.52,85789200,24.445487
2017-02-16,24.540001,24.620001,24.299999,24.58,98144500,24.505304
2017-02-15,24.34,24.77,24.110001,24.58,151233300,24.505304
2017-02-14,23.40,24.17,23.33,24.059999,139711400,23.986884
2017-02-13,23.17,23.540001,23.17,23.40,105342500,23.32889
2017-02-10,23.190001,23.24,22.959999,23.08,90548300,23.009862
2017-02-09,22.76,23.15,22.639999,23.120001,102634200,23.049742
2017-02-08,22.73,22.73,22.450001,22.67,102264500,22.601109
2017-02-07,23.280001,23.290001,22.860001,22.90,87982900,22.830409
2017-02-06,23.15,23.379999,23.07,23.120001,92228400,23.049742
2017-02-03,23.15,23.35,22.950001,23.290001,116035100,23.219225
2017-02-02,22.74,22.790001,22.51,22.719999,88679100,22.650956
2017-02-01,22.969999,23.219999,22.82,22.889999,103630900,22.820439
2017-01-31,22.77,23.030001,22.50,22.639999,91044300,22.571199
2017-01-30,23.200001,23.200001,22.709999,22.950001,91561200,22.880258
2017-01-27,23.43,23.450001,23.280001,23.360001,54590200,23.289012
2017-01-26,23.41,23.549999,23.280001,23.440001,84146400,23.368769
2017-01-25,23.32,23.42,23.10,23.370001,99753300,23.298982
2017-01-24,22.610001,23.10,22.48,22.950001,98508700,22.880258
2017-01-23,22.620001,22.76,22.42,22.559999,61385600,22.491442
2017-01-20,22.66,22.93,22.52,22.639999,102564900,22.571199
2017-01-19,22.73,22.809999,22.41,22.530001,75990800,22.461535
2017-01-18,22.299999,22.65,22.10,22.629999,124366000,22.561229
2017-01-17,22.68,22.790001,22.01,22.049999,152495900,21.982992
2017-01-13,23.209999,23.41,22.799999,23.01,161930900,22.940076
2017-01-12,23.01,23.120001,22.610001,22.92,120474200,22.850349
2017-01-11,22.940001,23.07,22.719999,23.07,92385600,22.999893
2017-01-10,22.59,23.139999,22.540001,22.940001,100977700,22.870289
2017-01-09,22.51,22.709999,22.40,22.549999,75744700,22.481472
2017-01-06,22.780001,22.85,22.559999,22.68,66281500,22.611078
2017-01-05,22.82,22.93,22.35,22.68,86826400,22.611078
2017-01-04,22.719999,22.959999,22.60,22.950001,76875100,22.880258
2017-01-03,22.60,22.68,22.200001,22.530001,99298100,22.461535
2016-12-30,22.02,22.26,21.950001,22.10,72605900,22.032841
2016-12-29,22.33,22.389999,21.77,22.00,79188400,21.933145
2016-12-28,22.620001,22.67,22.26,22.33,52652900,22.262142
2016-12-27,22.709999,22.74,22.540001,22.610001,39988600,22.541291
2016-12-23,22.51,22.65,22.43,22.60,38187800,22.531322
2016-12-22,22.60,22.73,22.469999,22.540001,67123500,22.471504
2016-12-21,22.719999,22.719999,22.469999,22.629999,61079100,22.561229
2016-12-20,22.629999,22.83,22.610001,22.709999,83879500,22.640986
2016-12-19,22.60,22.719999,22.33,22.48,97508900,22.411685
2016-12-16,23.16,23.32,22.65,22.66,147497700,22.591139
2016-12-15,22.90,23.389999,22.799999,23.16,162025800,23.089619
2016-12-14,22.309999,23.299999,22.209999,22.67,225340900,22.601109
2016-12-13,22.799999,22.879999,22.290001,22.610001,118204100,22.541291
2016-12-12,23.00,23.25,22.540001,22.610001,136986000,22.541291
2016-12-09,22.950001,23.17,22.780001,23.09,130590400,23.019832
2016-12-08,22.790001,23.24,22.690001,22.950001,182693900,22.880258
2016-12-07,22.190001,22.57,21.950001,22.57,168005200,22.501412
2016-12-06,22.09,22.16,21.719999,22.16,120789200,22.092658
2016-12-05,21.469999,21.870001,21.459999,21.84,130377300,21.773631
2016-12-02,21.49,21.50,21.02,21.23,128468700,21.165484
2016-12-01,21.42,21.940001,21.34,21.50,199233900,21.434664
2016-11-30,20.77,21.190001,20.719999,21.120001,191699600,21.05582
2016-11-29,20.379999,20.540001,20.25,20.290001,114216800,20.15357
2016-11-28,20.67,20.85,20.25,20.299999,108651200,20.163501
2016-11-25,20.620001,20.879999,20.50,20.860001,62610400,20.719737
2016-11-23,20.42,20.66,20.200001,20.559999,110801300,20.421753
2016-11-22,20.33,20.469999,20.120001,20.299999,104771800,20.163501
2016-11-21,20.10,20.35,20.01,20.33,117479100,20.1933
2016-11-18,20.059999,20.139999,19.870001,20.00,120620200,19.865519
2016-11-17,19.76,20.219999,19.700001,20.08,167979200,19.944981
2016-11-16,19.780001,19.959999,19.68,19.75,126734500,19.6172
2016-11-15,19.790001,20.18,19.60,20.16,190293100,20.024443
2016-11-14,19.41,20.200001,19.40,20.08,320959900,19.944981
2016-11-11,18.639999,19.030001,18.629999,19.02,212952500,18.892109
2016-11-10,18.26,18.99,18.25,18.76,304986400,18.633857
2016-11-09,17.66,18.049999,17.40,17.969999,319516900,17.849168
2016-11-08,16.82,17.110001,16.709999,17.00,95842800,16.885691
2016-11-07,16.860001,17.040001,16.85,17.01,91581900,16.895624
2016-11-04,16.530001,16.709999,16.35,16.549999,82437400,16.438716
2016-11-03,16.48,16.67,16.450001,16.48,69690400,16.369187
2016-11-02,16.459999,16.559999,16.280001,16.48,119202000,16.369187
2016-11-01,16.559999,16.75,16.33,16.610001,88587100,16.498314
2016-10-31,16.68,16.73,16.50,16.50,70387600,16.389053
2016-10-28,16.950001,16.98,16.50,16.68,115123600,16.567843
2016-10-27,16.950001,17.10,16.860001,16.91,97937300,16.796296
2016-10-26,16.639999,16.870001,16.620001,16.870001,58730400,16.756566
2016-10-25,16.709999,16.82,16.68,16.719999,49350300,16.607573
2016-10-24,16.75,16.799999,16.610001,16.77,68244800,16.657238
2016-10-21,16.459999,16.67,16.40,16.67,77954900,16.55791
2016-10-20,16.450001,16.629999,16.41,16.559999,88081200,16.448649
2016-10-19,16.299999,16.530001,16.280001,16.469999,97969000,16.359254
2016-10-18,16.190001,16.27,16.110001,16.26,71433100,16.150667
2016-10-17,16.17,16.200001,15.90,16.049999,101795500,15.942078
2016-10-14,16.15,16.23,15.94,16.00,108865700,15.892415
2016-10-13,16.09,16.09,15.60,15.83,78637000,15.723558
2016-10-12,16.09,16.24,16.01,16.030001,67165800,15.922214
2016-10-11,16.26,16.33,16.02,16.110001,77374000,16.001676
2016-10-10,16.219999,16.40,16.18,16.299999,64158500,16.190397
2016-10-07,16.190001,16.25,15.98,16.129999,99605400,16.02154
2016-10-06,16.17,16.23,16.040001,16.219999,75886700,16.110935
2016-10-05,15.96,16.23,15.96,16.110001,86056900,16.001676
2016-10-04,15.70,16.049999,15.67,15.80,98501500,15.69376
2016-10-03,15.59,15.73,15.50,15.63,69873100,15.524903
2016-09-30,15.26,15.73,15.17,15.65,119428700,15.544768
2016-09-29,15.38,15.50,15.06,15.16,78997700,15.058063
2016-09-28,15.36,15.39,15.15,15.38,66076400,15.276584
2016-09-27,15.01,15.34,14.81,15.29,81992600,15.187189
2016-09-26,15.40,15.44,15.02,15.09,94972100,14.988534
2016-09-23,15.53,15.67,15.50,15.52,51604400,15.415643
2016-09-22,15.69,15.71,15.50,15.60,75611300,15.495105
2016-09-21,15.71,15.83,15.39,15.65,95464600,15.544768
2016-09-20,15.74,15.76,15.51,15.60,68210400,15.495105
2016-09-19,15.55,15.78,15.55,15.59,66186400,15.485172
2016-09-16,15.66,15.68,15.48,15.49,90926200,15.385844
2016-09-15,15.64,15.75,15.58,15.67,67322600,15.564634
2016-09-14,15.67,15.84,15.56,15.63,75528100,15.524903
2016-09-13,15.67,15.86,15.55,15.72,89317600,15.614298
2016-09-12,15.65,15.94,15.48,15.90,109724000,15.793087
2016-09-09,15.91,16.15,15.74,15.74,135182500,15.634163
2016-09-08,15.77,15.94,15.68,15.86,69292700,15.753356
2016-09-07,15.72,15.85,15.65,15.70,63310300,15.594432
2016-09-06,16.049999,16.059999,15.70,15.78,96542200,15.673894
2016-09-02,15.94,16.059999,15.82,16.00,100997300,15.892415
2016-09-01,16.15,16.15,15.75,15.98,128812600,15.872549
2016-08-31,16.209999,16.24,15.88,16.139999,127664300,16.031473
2016-08-30,15.84,16.23,15.80,16.190001,121280600,16.006642
2016-08-29,15.81,16.01,15.78,15.84,120144900,15.660606
2016-08-26,15.61,15.90,15.58,15.79,126886300,15.611172
2016-08-25,15.42,15.54,15.40,15.53,67714400,15.354116
2016-08-24,15.37,15.50,15.36,15.40,65484900,15.225588
2016-08-23,15.26,15.41,15.26,15.35,67817900,15.176155
2016-08-22,15.20,15.25,15.12,15.18,60877100,15.00808
2016-08-19,15.13,15.25,15.05,15.22,59834800,15.047627
2016-08-18,15.11,15.24,15.06,15.16,62804300,14.988306
2016-08-17,15.16,15.24,15.08,15.15,93407300,14.97842
2016-08-16,14.97,15.19,14.93,15.17,80307500,14.998193
2016-08-15,14.97,15.03,14.95,15.02,48592100,14.849893
2016-08-12,14.77,14.91,14.70,14.91,63031300,14.741138
2016-08-11,14.83,14.97,14.75,14.88,68945400,14.711478
2016-08-10,15.16,15.18,14.78,14.81,79080700,14.642271
2016-08-09,15.11,15.19,15.07,15.19,49973300,15.017966
2016-08-08,15.08,15.17,14.92,15.13,71960300,14.958647
2016-08-05,14.75,15.06,14.75,15.05,120947800,14.879553
2016-08-04,14.48,14.54,14.36,14.48,46176600,14.316007
2016-08-03,14.11,14.48,14.10,14.48,65305400,14.316007
2016-08-02,14.28,14.45,14.09,14.13,83776300,13.969972
2016-08-01,14.52,14.60,14.26,14.33,61460900,14.167707
2016-07-29,14.56,14.70,14.48,14.49,63276500,14.325894
2016-07-28,14.57,14.69,14.46,14.68,72049500,14.513743
2016-07-27,14.57,14.70,14.45,14.63,100986000,14.464309
2016-07-26,14.32,14.55,14.31,14.53,60205600,14.365441
2016-07-25,14.31,14.39,14.28,14.37,46420800,14.207254
2016-07-22,14.26,14.40,14.18,14.38,46604800,14.217141
2016-07-21,14.43,14.47,14.26,14.27,65376300,14.108387
2016-07-20,14.35,14.43,14.26,14.40,79277900,14.236914
2016-07-19,14.06,14.37,14.03,14.26,96940100,14.0985
2016-07-18,13.84,14.23,13.82,14.11,187187100,13.950198
2016-07-15,13.78,13.79,13.52,13.66,78652500,13.505295
2016-07-14,13.73,13.78,13.64,13.65,97852100,13.495408
2016-07-13,13.50,13.58,13.32,13.44,74595600,13.287786
2016-07-12,13.41,13.60,13.40,13.54,89070600,13.386654
2016-07-11,13.29,13.40,13.20,13.21,67267300,13.060391
2016-07-08,13.28,13.32,13.11,13.17,92698900,13.020844
2016-07-07,12.87,13.11,12.84,13.01,101100300,12.862657
2016-07-06,12.52,12.92,12.45,12.86,94983300,12.714355
2016-07-05,12.93,12.94,12.63,12.74,98246500,12.595714
2016-07-01,13.19,13.27,13.02,13.10,88888100,12.951637
2016-06-30,13.37,13.38,13.07,13.27,125773900,13.119712
2016-06-29,13.07,13.22,12.92,13.19,118484000,13.040617
2016-06-28,12.57,12.72,12.35,12.70,150136300,12.556167
2016-06-27,12.77,12.77,12.05,12.18,250847700,12.042057
2016-06-24,13.05,13.44,12.97,13.00,231499200,12.85277
2016-06-23,13.84,14.05,13.82,14.04,82494600,13.880991
2016-06-22,13.60,13.78,13.59,13.61,77980500,13.455861
2016-06-21,13.62,13.65,13.45,13.62,73810800,13.465748
2016-06-20,13.74,13.85,13.51,13.54,89874000,13.386654
2016-06-17,13.38,13.53,13.28,13.40,89022300,13.248239
2016-06-16,13.23,13.33,13.02,13.31,90152000,13.159259
2016-06-15,13.38,13.66,13.28,13.34,100659100,13.188919
2016-06-14,13.56,13.73,13.17,13.26,85377800,13.109825
2016-06-13,13.64,13.91,13.58,13.60,71925000,13.445975
2016-06-10,13.98,14.00,13.75,13.83,90725700,13.673369
2016-06-09,14.32,14.32,14.08,14.19,74814900,14.029292
2016-06-08,14.35,14.46,14.30,14.43,58292900,14.266575
2016-06-07,14.54,14.60,14.34,14.35,67447100,14.187481
2016-06-06,14.44,14.70,14.37,14.52,80949300,14.355555
2016-06-03,14.46,14.50,14.19,14.42,148307500,14.256688
2016-06-02,14.95,14.98,14.77,14.94,64327300,14.770798
2016-06-01,14.60,14.90,14.45,14.86,62612100,14.691704
2016-05-31,15.03,15.05,14.73,14.79,85635900,14.573063
2016-05-27,14.76,14.88,14.69,14.88,62222500,14.661743
2016-05-26,14.98,14.99,14.69,14.70,65356600,14.484383
2016-05-25,14.83,15.15,14.83,14.92,123498700,14.701156
2016-05-24,14.60,14.75,14.53,14.68,96183700,14.464677
2016-05-23,14.54,14.60,14.40,14.47,66303200,14.257757
2016-05-20,14.64,14.70,14.43,14.52,81214000,14.307024
2016-05-19,14.60,14.87,14.43,14.53,106156900,14.316876
2016-05-18,14.02,14.75,14.01,14.69,150748500,14.474529
2016-05-17,13.89,14.13,13.82,14.01,76273800,13.804504
2016-05-16,13.82,14.02,13.80,13.93,57848600,13.725678
2016-05-13,14.15,14.37,13.87,13.88,86193900,13.676411
2016-05-12,14.30,14.47,14.05,14.14,72567100,13.932598
2016-05-11,14.25,14.50,14.19,14.20,68088900,13.991717
2016-05-10,14.08,14.33,14.05,14.30,59870500,14.090251
2016-05-09,14.08,14.19,13.91,13.99,55399600,13.784797
2016-05-06,13.83,14.14,13.80,14.11,76152000,13.903037
2016-05-05,14.15,14.32,14.00,14.05,73145900,13.843917
2016-05-04,14.09,14.27,14.00,14.13,99269700,13.922744
2016-05-03,14.51,14.51,14.15,14.36,106508300,14.14937
2016-05-02,14.58,14.78,14.40,14.77,68882800,14.553357
2016-04-29,14.73,14.85,14.43,14.56,122128100,14.346437
2016-04-28,14.92,15.08,14.76,14.79,78639300,14.573063
2016-04-27,15.02,15.30,14.98,15.02,115789000,14.79969
2016-04-26,15.02,15.14,14.80,15.09,84812400,14.868663
2016-04-25,15.02,15.14,14.81,14.96,70489500,14.74057
2016-04-22,14.87,15.14,14.87,15.11,83456600,14.888369
2016-04-21,14.93,15.14,14.75,14.90,121589000,14.681449
2016-04-20,14.56,14.94,14.53,14.93,115628700,14.71101
2016-04-19,14.26,14.54,14.24,14.45,107153600,14.23805
2016-04-18,13.85,14.24,13.82,14.17,80257400,13.962157
2016-04-15,14.27,14.29,13.95,14.00,87958700,13.794651
2016-04-14,13.71,14.28,13.70,14.14,179383300,13.932598
2016-04-13,13.55,13.85,13.53,13.79,138647200,13.587731
2016-04-12,13.00,13.33,12.93,13.27,100791600,13.075359
2016-04-11,12.92,13.09,12.88,12.97,79411500,12.779759
2016-04-08,13.03,13.14,12.86,12.88,76548100,12.691079
2016-04-07,13.15,13.21,12.75,12.85,105704500,12.661519
2016-04-06,13.20,13.30,13.11,13.27,62558500,13.075359
2016-04-05,13.30,13.34,13.16,13.19,78445900,12.996531
2016-04-04,13.54,13.65,13.41,13.51,59709600,13.311838
2016-04-01,13.47,13.65,13.32,13.56,73130900,13.361105
2016-03-31,13.49,13.71,13.45,13.52,79592100,13.321692
2016-03-30,13.49,13.66,13.46,13.48,85897000,13.282277
2016-03-29,13.54,13.54,13.26,13.42,101606800,13.223158
2016-03-28,13.73,13.74,13.54,13.62,54498500,13.420224
2016-03-24,13.41,13.69,13.27,13.68,94836500,13.479345
2016-03-23,13.77,13.83,13.60,13.62,95789700,13.420224
2016-03-22,13.67,13.84,13.63,13.76,83252100,13.558171
2016-03-21,13.80,14.03,13.72,13.84,104695700,13.636998
2016-03-18,13.68,13.88,13.55,13.79,146616200,13.587731
2016-03-17,13.22,13.48,13.05,13.40,122212300,13.203451
2016-03-16,13.51,13.81,13.09,13.31,149645400,13.114772
2016-03-15,13.51,13.60,13.39,13.57,80404000,13.370958
2016-03-14,13.72,13.74,13.49,13.64,87746800,13.439931
2016-03-11,13.44,13.84,13.37,13.79,120400600,13.587731
2016-03-10,13.23,13.40,13.00,13.27,123016200,13.075359
2016-03-09,13.17,13.27,13.00,13.14,92253800,12.947265
2016-03-08,13.40,13.47,13.05,13.06,125894800,12.868439
2016-03-07,13.45,13.62,13.37,13.53,97650300,13.331544
2016-03-04,13.76,13.89,13.49,13.54,171410900,13.341398
2016-03-03,13.38,13.55,13.25,13.50,105082700,13.301985
2016-03-02,13.20,13.51,13.13,13.41,139622500,13.213305
2016-03-01,12.64,13.21,12.62,13.19,153558200,12.947265
2016-02-29,12.70,12.86,12.51,12.52,123661100,12.289596
2016-02-26,12.49,12.95,12.40,12.70,160314400,12.466283
2016-02-25,12.14,12.33,12.09,12.32,103054600,12.093276
2016-02-24,11.96,12.15,11.65,12.13,159552800,11.906773
2016-02-23,12.47,12.48,12.10,12.16,104498700,11.93622
2016-02-22,12.13,12.54,12.13,12.54,88865500,12.309227
2016-02-19,12.22,12.24,11.98,12.13,121045600,11.906773
2016-02-18,12.71,12.74,12.10,12.24,161539400,12.014748
2016-02-17,12.57,12.69,12.47,12.56,221859400,12.32886
2016-02-16,12.38,12.39,12.11,12.25,194306700,12.024564
2016-02-12,11.48,12.03,11.40,11.95,245388400,11.730085
2016-02-11,11.46,11.55,10.99,11.16,375088700,10.954623
2016-02-10,12.42,12.54,11.91,11.98,227530000,11.759532
2016-02-09,11.99,12.43,11.96,12.20,247349000,11.975484
2016-02-08,12.67,12.70,12.13,12.27,221363600,12.044196
2016-02-05,13.32,13.39,12.89,12.95,125842800,12.711682
2016-02-04,12.89,13.59,12.89,13.25,179394400,13.006161
2016-02-03,13.28,13.29,12.52,13.03,257664600,12.79021
2016-02-02,13.74,13.75,13.13,13.23,147101200,12.986529
2016-02-01,14.05,14.09,13.80,13.96,105739400,13.703095
2016-01-29,13.66,14.15,13.59,14.14,159984100,13.879783
2016-01-28,13.59,13.71,13.26,13.53,110996200,13.281008
2016-01-27,13.20,13.73,13.19,13.36,124095800,13.114136
2016-01-26,13.07,13.35,13.04,13.31,124246900,13.065057
2016-01-25,13.54,13.55,12.94,12.96,186419100,12.721498
2016-01-22,13.65,13.72,13.47,13.56,169999800,13.310457
2016-01-21,13.67,13.84,13.25,13.36,188976000,13.114136
2016-01-20,13.79,14.00,13.27,13.69,250537600,13.438063
2016-01-19,14.69,14.79,14.01,14.24,185727400,13.977942
2016-01-15,14.41,14.66,14.13,14.46,170939300,14.193894
2016-01-14,15.01,15.20,14.65,14.99,125920000,14.71414
2016-01-13,15.47,15.52,14.85,14.90,119413000,14.625796
2016-01-12,15.54,15.58,15.06,15.31,100023500,15.028251
2016-01-11,15.26,15.37,14.94,15.31,104611700,15.028251
2016-01-08,15.94,15.94,15.16,15.20,124782400,14.920275
2016-01-07,15.73,15.90,15.44,15.50,116255900,15.214755
2016-01-06,16.190001,16.290001,16.02,16.08,102760800,15.784081
2016-01-05,16.52,16.59,16.23,16.43,66670000,16.12764
2016-01-04,16.450001,16.49,16.25,16.43,114888000,16.12764
2015-12-31,17.01,17.07,16.83,16.83,46594300,16.520279
2015-12-30,17.200001,17.24,17.040001,17.049999,35066400,16.736229
2015-12-29,17.25,17.35,17.16,17.280001,45670400,16.961998
2015-12-28,17.219999,17.23,16.98,17.129999,41777500,16.814757
2015-12-24,17.32,17.379999,17.219999,17.27,29369400,16.952182
2015-12-23,17.16,17.34,17.10,17.34,65770700,17.020893
2015-12-22,17.049999,17.110001,16.85,17.08,56173500,16.765678
2015-12-21,16.98,17.030001,16.77,16.969999,65150300,16.657702
2015-12-18,17.190001,17.27,16.76,16.76,136737800,16.451567
2015-12-17,17.799999,17.83,17.299999,17.299999,97265700,16.981628
2015-12-16,17.65,17.780001,17.23,17.75,171576700,17.423348
2015-12-15,17.02,17.49,16.99,17.42,99737200,17.099421
2015-12-14,16.76,16.889999,16.50,16.799999,121121200,16.49083
2015-12-11,16.969999,17.059999,16.639999,16.73,91503900,16.422118
2015-12-10,17.15,17.41,16.959999,17.200001,68304000,16.88347
2015-12-09,17.110001,17.379999,16.870001,17.10,82418100,16.78531
2015-12-08,17.389999,17.459999,17.129999,17.190001,84873500,16.873654
2015-12-07,17.790001,17.799999,17.440001,17.540001,81633300,17.217213
2015-12-04,17.440001,17.83,17.379999,17.799999,103021700,17.472427
2015-12-03,17.68,17.77,17.25,17.299999,95810100,16.981628
2015-12-02,17.879999,17.889999,17.549999,17.620001,76919000,17.295741
2015-12-01,17.52,17.809999,17.48,17.809999,74351800,17.433163
2015-11-30,17.48,17.58,17.42,17.43,61893700,17.061204
2015-11-27,17.459999,17.50,17.33,17.48,22937500,17.110146
2015-11-25,17.51,17.57,17.41,17.440001,34939000,17.070993
2015-11-24,17.26,17.57,17.25,17.469999,58724200,17.100357
2015-11-23,17.620001,17.73,17.459999,17.469999,50362900,17.100357
2015-11-20,17.809999,17.83,17.59,17.65,56288300,17.276549
2015-11-19,17.780001,17.85,17.620001,17.690001,51829700,17.315703
2015-11-18,17.43,17.870001,17.43,17.84,85708300,17.462529
2015-11-17,17.50,17.60,17.34,17.42,70488600,17.051416
2015-11-16,17.129999,17.459999,17.01,17.43,70384300,17.061204
2015-11-13,17.129999,17.309999,17.09,17.200001,103574900,16.836071
2015-11-12,17.58,17.629999,17.35,17.370001,77850900,17.002474
2015-11-11,17.99,17.99,17.68,17.75,59235000,17.374433
2015-11-10,17.629999,17.940001,17.559999,17.85,59905800,17.472318
2015-11-09,18.030001,18.08,17.559999,17.68,129920700,17.305915
2015-11-06,17.84,18.09,17.76,17.950001,158037500,17.570202
2015-11-05,17.030001,17.370001,17.030001,17.309999,85505500,16.943742
2015-11-04,17.299999,17.309999,16.959999,17.01,78728400,16.650091
2015-11-03,17.01,17.26,16.99,17.18,66127100,16.816494
2015-11-02,16.90,17.139999,16.870001,17.059999,56948200,16.699032
2015-10-30,17.18,17.18,16.76,16.780001,87645800,16.424958
2015-10-29,17.16,17.440001,16.969999,17.09,95542300,16.728398
2015-10-28,16.450001,17.309999,16.450001,17.280001,147720100,16.914378
2015-10-27,16.40,16.469999,16.299999,16.40,56159300,16.052997
2015-10-26,16.52,16.549999,16.34,16.51,67702800,16.16067
2015-10-23,16.290001,16.549999,16.25,16.52,82285800,16.170459
2015-10-22,16.00,16.200001,16.00,16.16,74116600,15.818075
2015-10-21,16.26,16.290001,15.90,15.90,64440400,15.563576
2015-10-20,16.16,16.290001,16.10,16.200001,50692600,15.85723
2015-10-19,16.00,16.209999,15.98,16.139999,62953500,15.798498
2015-10-16,16.290001,16.290001,16.030001,16.120001,66989500,15.778923
2015-10-15,15.81,16.280001,15.72,16.190001,127028800,15.847441
2015-10-14,15.77,15.92,15.55,15.64,122272400,15.309078
2015-10-13,15.45,15.59,15.40,15.52,73689800,15.191617
2015-10-12,15.60,15.62,15.43,15.52,50725800,15.191617
2015-10-09,15.75,15.82,15.50,15.58,76667100,15.250347
2015-10-08,15.72,15.78,15.51,15.75,79056900,15.416751
2015-10-07,15.78,15.93,15.57,15.75,66655600,15.416751
2015-10-06,15.68,15.82,15.57,15.69,67473700,15.35802
2015-10-05,15.45,15.79,15.44,15.69,75315300,15.35802
2015-10-02,15.08,15.38,14.63,15.38,181838400,15.054579
2015-10-01,15.52,15.64,15.36,15.55,71516800,15.220982
2015-09-30,15.55,15.60,15.32,15.58,71347100,15.250347
2015-09-29,15.50,15.53,15.25,15.35,79829400,15.025214
2015-09-28,15.79,15.82,15.38,15.47,91324300,15.142675
2015-09-25,15.88,16.02,15.81,15.89,88655000,15.553789
2015-09-24,15.54,15.62,15.40,15.55,99520100,15.220982
2015-09-23,15.60,15.85,15.58,15.72,78117500,15.387386
2015-09-22,15.49,15.58,15.45,15.57,92235200,15.240559
2015-09-21,15.67,15.75,15.57,15.70,79096200,15.367808
2015-09-18,15.68,15.71,15.50,15.56,136531200,15.230771
2015-09-17,16.290001,16.48,15.78,15.86,119088200,15.524423
2015-09-16,16.35,16.389999,16.09,16.33,83776400,15.984478
2015-09-15,16.040001,16.389999,16.01,16.309999,62327100,15.964901
2015-09-14,15.97,16.07,15.90,15.96,50640900,15.622307
2015-09-11,15.99,16.059999,15.90,16.040001,54287700,15.700615
2015-09-10,15.87,16.110001,15.81,16.040001,71110200,15.700615
2015-09-09,16.370001,16.459999,15.83,15.90,70466100,15.563576
2015-09-08,15.96,16.16,15.90,16.16,73960200,15.818075
2015-09-04,15.79,15.86,15.50,15.65,104539500,15.318866
2015-09-03,15.97,16.190001,15.87,15.94,77175800,15.60273
2015-09-02,15.82,15.86,15.57,15.85,74820400,15.514635
2015-09-01,15.95,16.049999,15.46,15.58,119064000,15.201405
2015-08-31,16.33,16.379999,16.18,16.34,66695200,15.942938
2015-08-28,16.40,16.440001,16.200001,16.360001,75899300,15.962452
2015-08-27,16.379999,16.450001,16.09,16.440001,124185400,16.040508
2015-08-26,15.81,16.059999,15.34,16.059999,174208500,15.669741
2015-08-25,16.200001,16.200001,15.25,15.26,194377000,14.889182
2015-08-24,15.02,15.98,14.60,15.29,214649500,14.918452
2015-08-21,16.200001,16.66,16.10,16.10,148874300,15.70877
2015-08-20,17.190001,17.200001,16.719999,16.719999,149185400,16.313703
2015-08-19,17.549999,17.690001,17.440001,17.459999,78179100,17.03572
2015-08-18,17.719999,17.90,17.65,17.690001,50360700,17.260133
2015-08-17,17.610001,17.809999,17.559999,17.77,42310000,17.338189
2015-08-14,17.57,17.700001,17.540001,17.700001,52710300,17.26989
2015-08-13,17.559999,17.690001,17.440001,17.620001,67456200,17.191834
2015-08-12,17.620001,17.65,17.02,17.52,141600100,17.094264
2015-08-11,17.85,17.969999,17.719999,17.790001,65868600,17.357703
2015-08-10,17.870001,18.049999,17.860001,18.040001,65791200,17.601628
2015-08-07,17.92,18.07,17.60,17.75,71020700,17.318674
2015-08-06,17.91,17.98,17.77,17.809999,47594700,17.377216
2015-08-05,17.93,18.049999,17.799999,17.870001,65228600,17.435759
2015-08-04,17.790001,17.93,17.709999,17.799999,69741500,17.367459
2015-08-03,17.91,17.969999,17.639999,17.77,62376800,17.338189
2015-07-31,18.030001,18.059999,17.860001,17.879999,67176900,17.445514
2015-07-30,18.200001,18.290001,18.049999,18.129999,65667900,17.689439
2015-07-29,17.950001,18.200001,17.92,18.16,96388600,17.718711
2015-07-28,17.790001,17.889999,17.60,17.879999,82166800,17.445514
2015-07-27,17.66,17.780001,17.50,17.67,93231900,17.240618
2015-07-24,18.18,18.23,17.84,17.90,86364300,17.465029
2015-07-23,18.389999,18.43,18.08,18.18,103650100,17.738226
2015-07-22,18.030001,18.48,18.030001,18.450001,110327000,18.001665
2015-07-21,18.110001,18.17,18.02,18.08,63732800,17.640655
2015-07-20,18.15,18.23,18.08,18.120001,71980100,17.679684
2015-07-17,17.959999,18.16,17.889999,18.10,96894900,17.66017
2015-07-16,17.91,18.07,17.860001,17.950001,117054300,17.513815
2015-07-15,17.530001,17.85,17.49,17.68,173099900,17.250376
2015-07-14,16.93,17.15,16.860001,17.129999,69999800,16.71374
2015-07-13,16.969999,17.049999,16.90,17.02,67934300,16.606414
2015-07-10,16.799999,16.84,16.66,16.700001,72965300,16.29419
2015-07-09,16.530001,16.719999,16.450001,16.48,80643800,16.079535
2015-07-08,16.42,16.50,16.219999,16.25,83033000,15.855124
2015-07-07,16.90,16.93,16.34,16.690001,115450500,16.284433
2015-07-06,16.780001,17.01,16.709999,16.940001,58726900,16.528358
2015-07-02,17.16,17.209999,16.889999,17.030001,64736500,16.616171
2015-07-01,17.25,17.309999,17.09,17.219999,62317400,16.801553
2015-06-30,17.08,17.129999,16.85,17.02,89039800,16.606414
2015-06-29,17.129999,17.25,16.860001,16.889999,98604200,16.479572
2015-06-26,17.48,17.52,17.35,17.41,63080800,16.986936
2015-06-25,17.57,17.620001,17.35,17.370001,59772200,16.947909
2015-06-24,17.530001,17.690001,17.450001,17.49,59079500,17.064992
2015-06-23,17.559999,17.719999,17.559999,17.67,63865700,17.240618
2015-06-22,17.360001,17.530001,17.35,17.469999,58477700,17.045478
2015-06-19,17.280001,17.389999,17.120001,17.17,83395400,16.752768
2015-06-18,17.35,17.40,17.219999,17.379999,97599900,16.957665
2015-06-17,17.59,17.60,17.299999,17.370001,88712100,16.947909
2015-06-16,17.459999,17.559999,17.370001,17.549999,47291200,17.123534
2015-06-15,17.33,17.50,17.25,17.469999,68053400,17.045478
2015-06-12,17.450001,17.58,17.360001,17.49,53149400,17.064992
2015-06-11,17.620001,17.68,17.440001,17.49,77191500,17.064992
2015-06-10,17.389999,17.620001,17.360001,17.59,102643100,17.162562
2015-06-09,17.049999,17.35,17.00,17.309999,82104900,16.889366
2015-06-08,17.27,17.33,17.049999,17.08,69749600,16.664955
2015-06-05,17.040001,17.35,16.969999,17.190001,119087400,16.772283
2015-06-04,16.870001,16.98,16.719999,16.780001,61025500,16.372246
2015-06-03,16.67,17.02,16.67,16.93,89300800,16.518601
2015-06-02,16.52,16.76,16.50,16.719999,65513200,16.264918
2015-06-01,16.58,16.639999,16.469999,16.549999,62941600,16.099545
2015-05-29,16.66,16.67,16.469999,16.50,74266200,16.050906
2015-05-28,16.719999,16.73,16.58,16.67,60970000,16.216279
2015-05-27,16.559999,16.75,16.540001,16.74,70026700,16.284374
2015-05-26,16.73,16.73,16.43,16.50,100048200,16.050906
2015-05-22,16.719999,16.799999,16.700001,16.75,47032900,16.294102
2015-05-21,16.709999,16.75,16.559999,16.73,52056600,16.274646
2015-05-20,16.780001,16.85,16.629999,16.74,67684000,16.284374
2015-05-19,16.59,16.780001,16.58,16.77,89115500,16.313558
2015-05-18,16.309999,16.540001,16.309999,16.51,51059900,16.060634
2015-05-15,16.52,16.52,16.299999,16.35,54937800,15.904989
2015-05-14,16.530001,16.59,16.450001,16.52,55395700,16.070362
2015-05-13,16.440001,16.52,16.360001,16.469999,47330600,16.021722
2015-05-12,16.459999,16.48,16.35,16.43,59627100,15.982812
2015-05-11,16.450001,16.59,16.43,16.49,56246000,16.041178
2015-05-08,16.32,16.459999,16.219999,16.450001,86333700,16.002268
2015-05-07,16.23,16.33,16.09,16.24,73794800,15.797983
2015-05-06,16.360001,16.49,16.08,16.290001,96426500,15.846623
2015-05-05,16.42,16.610001,16.33,16.35,106148700,15.904989
2015-05-04,16.139999,16.450001,16.120001,16.440001,76592300,15.99254
2015-05-01,16.00,16.15,15.92,16.110001,78171400,15.671522
2015-04-30,16.00,16.049999,15.80,15.93,78313900,15.496421
2015-04-29,15.60,16.040001,15.57,15.98,134499400,15.545059
2015-04-28,15.58,15.71,15.50,15.65,58080100,15.224041
2015-04-27,15.63,15.76,15.56,15.56,73523400,15.136491
2015-04-24,15.71,15.75,15.61,15.64,40766100,15.214314
2015-04-23,15.72,15.80,15.68,15.69,50292200,15.262952
2015-04-22,15.55,15.83,15.49,15.74,73092800,15.311592
2015-04-21,15.60,15.64,15.43,15.50,64033100,15.078124
2015-04-20,15.62,15.69,15.56,15.57,53649400,15.146218
2015-04-17,15.71,15.75,15.50,15.56,88994300,15.136491
2015-04-16,15.64,15.94,15.58,15.79,105591000,15.360231
2015-04-15,15.70,15.85,15.59,15.64,124479100,15.214314
2015-04-14,15.88,15.95,15.71,15.82,84385400,15.389414
2015-04-13,15.78,15.86,15.74,15.80,49191200,15.369959
2015-04-10,15.69,15.79,15.60,15.72,43817700,15.292136
2015-04-09,15.63,15.76,15.53,15.71,44935600,15.282408
2015-04-08,15.51,15.74,15.50,15.61,71732500,15.18513
2015-04-07,15.53,15.65,15.45,15.46,50057800,15.039213
2015-04-06,15.39,15.60,15.34,15.51,51189500,15.087852
2015-04-02,15.43,15.62,15.43,15.54,50443500,15.117035
2015-04-01,15.42,15.46,15.25,15.41,73153900,14.990573
2015-03-31,15.50,15.52,15.38,15.39,61381700,14.971118
2015-03-30,15.42,15.61,15.40,15.52,70835300,15.09758
2015-03-27,15.48,15.49,15.27,15.31,73140800,14.893296
2015-03-26,15.39,15.54,15.26,15.42,76741500,15.000302
2015-03-25,15.63,15.65,15.40,15.41,88541500,14.990573
2015-03-24,15.73,15.80,15.61,15.61,77011000,15.18513
2015-03-23,15.82,15.88,15.72,15.72,73773500,15.292136
2015-03-20,15.70,15.93,15.64,15.84,99867700,15.40887
2015-03-19,15.96,15.97,15.61,15.61,109169200,15.18513
2015-03-18,16.01,16.10,15.91,15.98,86387600,15.545059
2015-03-17,16.07,16.120001,15.96,16.09,67315000,15.652066
2015-03-16,16.110001,16.219999,15.85,16.129999,63406500,15.690976
2015-03-13,16.08,16.15,15.94,16.09,88581900,15.652066
2015-03-12,16.049999,16.209999,15.90,16.09,126376300,15.652066
2015-03-11,15.92,16.16,15.87,16.110001,85910100,15.671522
2015-03-10,16.040001,16.129999,15.79,15.79,85633600,15.360231
2015-03-09,16.309999,16.33,16.120001,16.17,72912700,15.729888
2015-03-06,16.00,16.620001,16.00,16.219999,163207200,15.778527
2015-03-05,15.92,16.030001,15.75,16.00,69510000,15.564515
2015-03-04,15.96,15.98,15.76,15.84,78441600,15.40887
2015-03-03,16.030001,16.15,15.96,16.040001,65689800,15.554789
2015-03-02,15.79,16.030001,15.72,16.01,71402400,15.525696
2015-02-27,15.78,15.88,15.62,15.81,130448200,15.331746
2015-02-26,16.42,16.440001,15.90,16.040001,161100700,15.554789
2015-02-25,16.370001,16.50,16.32,16.49,57201000,15.991175
2015-02-24,16.27,16.549999,16.25,16.379999,74109600,15.884502
2015-02-23,16.32,16.32,16.10,16.200001,87623700,15.709949
2015-02-20,16.139999,16.43,16.01,16.379999,89763600,15.884502
2015-02-19,16.209999,16.379999,16.08,16.209999,83604300,15.719644
2015-02-18,16.549999,16.559999,16.24,16.299999,84057400,15.806922
2015-02-17,16.52,16.68,16.370001,16.629999,93350600,16.126939
2015-02-13,16.73,16.790001,16.540001,16.610001,93632700,16.107546
2015-02-12,16.41,16.73,16.370001,16.67,116394100,16.16573
2015-02-11,16.33,16.450001,16.209999,16.360001,99924400,15.865108
2015-02-10,16.559999,16.620001,16.35,16.42,100322800,15.923293
2015-02-09,16.35,16.50,16.25,16.35,95532900,15.855411
2015-02-06,16.299999,16.75,16.219999,16.49,160832300,15.991175
2015-02-05,15.98,16.09,15.90,15.97,92264700,15.486906
2015-02-04,15.79,16.00,15.75,15.79,83848100,15.31235
2015-02-03,15.62,15.93,15.61,15.89,105159400,15.409326
2015-02-02,15.27,15.49,15.12,15.46,101586700,14.992333
2015-01-30,15.23,15.47,15.15,15.15,99844600,14.69171
2015-01-29,15.31,15.49,15.20,15.43,76095800,14.963241
2015-01-28,15.72,15.73,15.18,15.20,105359800,14.740198
2015-01-27,15.55,15.79,15.48,15.63,86184200,15.157191
2015-01-26,15.72,15.93,15.70,15.85,69969300,15.370536
2015-01-23,16.040001,16.190001,15.73,15.73,103376900,15.254165
2015-01-22,15.55,16.190001,15.43,16.09,183042100,15.603276
2015-01-21,15.28,15.57,15.15,15.41,101054200,14.943845
2015-01-20,15.59,15.63,15.20,15.26,123402800,14.798383
2015-01-16,15.16,15.40,14.97,15.38,149802000,14.914753
2015-01-15,15.59,15.76,15.15,15.20,193241300,14.740198
2015-01-14,16.00,16.219999,15.77,16.040001,163737300,15.554789
2015-01-13,16.82,16.889999,16.32,16.450001,100845400,15.952386
2015-01-12,17.02,17.030001,16.66,16.68,92762500,16.175428
2015-01-09,17.379999,17.379999,16.950001,16.98,84144600,16.466352
2015-01-08,17.16,17.34,17.10,17.290001,73388500,16.766976
2015-01-07,17.139999,17.18,16.870001,16.940001,104603800,16.427563
2015-01-06,17.42,17.440001,16.780001,16.860001,144912400,16.349983
2015-01-05,17.790001,17.809999,17.290001,17.379999,105605500,16.854252
2015-01-02,17.99,18.030001,17.68,17.90,48951100,17.358522
2014-12-31,18.190001,18.209999,17.889999,17.889999,57819600,17.348825
2014-12-30,18.040001,18.18,18.01,18.129999,41433500,17.581564
2014-12-29,17.969999,18.190001,17.91,18.110001,58370900,17.562171
2014-12-26,18.02,18.049999,17.950001,17.98,34362500,17.436102
2014-12-24,17.969999,18.10,17.92,17.98,35091300,17.436102
2014-12-23,17.83,17.99,17.780001,17.93,94405200,17.387615
2014-12-22,17.65,17.73,17.549999,17.709999,70969300,17.174269
2014-12-19,17.49,17.700001,17.49,17.620001,105588200,17.086993
2014-12-18,17.469999,17.530001,17.34,17.530001,79334000,16.999716
2014-12-17,16.870001,17.27,16.82,17.26,92164100,16.737883
2014-12-16,16.74,17.190001,16.59,16.719999,96112000,16.214217
2014-12-15,17.299999,17.309999,16.76,16.85,101305300,16.340286
2014-12-12,17.469999,17.469999,17.129999,17.129999,88886700,16.611814
2014-12-11,17.440001,17.65,17.440001,17.469999,80173200,16.94153
2014-12-10,17.48,17.68,17.370001,17.379999,103611100,16.854252
2014-12-09,17.18,17.59,17.17,17.559999,95939400,17.028807
2014-12-08,17.66,17.870001,17.51,17.66,101035100,17.125783
2014-12-05,17.41,17.709999,17.35,17.68,131824000,17.145178
2014-12-04,17.24,17.34,17.129999,17.209999,49412800,16.689394
2014-12-03,17.10,17.299999,17.059999,17.290001,70104200,16.766976
2014-12-02,16.870001,17.15,16.860001,17.15,62945200,16.582722
2014-12-01,16.92,16.940001,16.73,16.790001,61173100,16.234631
2014-11-28,17.07,17.15,17.030001,17.040001,27834900,16.476362
2014-11-26,17.120001,17.15,17.040001,17.110001,27310300,16.544046
2014-11-25,17.23,17.26,17.08,17.10,44786300,16.534377
2014-11-24,17.16,17.280001,17.08,17.18,52785700,16.61173
2014-11-21,17.15,17.190001,17.059999,17.120001,63000000,16.553715
2014-11-20,16.959999,17.01,16.83,17.00,49652100,16.437684
2014-11-19,17.15,17.15,17.01,17.059999,49441600,16.495699
2014-11-18,17.07,17.219999,17.059999,17.139999,39490700,16.573052
2014-11-17,17.059999,17.139999,16.969999,17.09,43393300,16.524707
2014-11-14,17.17,17.25,17.10,17.139999,41144600,16.573052
2014-11-13,17.290001,17.299999,17.120001,17.219999,50586300,16.650406
2014-11-12,17.24,17.299999,17.07,17.290001,48669100,16.718092
2014-11-11,17.370001,17.459999,17.299999,17.32,62236000,16.747099
2014-11-10,17.360001,17.40,17.299999,17.370001,54261100,16.795446
2014-11-07,17.309999,17.379999,17.219999,17.360001,53907800,16.785777
2014-11-06,17.34,17.40,17.280001,17.360001,57339200,16.785777
2014-11-05,17.32,17.370001,17.209999,17.34,58608200,16.766438
2014-11-04,17.219999,17.299999,17.02,17.209999,53515400,16.640737
2014-11-03,17.18,17.35,17.10,17.27,64050700,16.698753
2014-10-31,17.17,17.219999,17.10,17.16,82788900,16.592391
2014-10-30,16.959999,17.120001,16.84,17.030001,72579100,16.466692
2014-10-29,16.77,17.02,16.709999,16.99,99875700,16.428014
2014-10-28,16.620001,16.799999,16.610001,16.799999,71850800,16.244299
2014-10-27,16.68,16.690001,16.50,16.59,51500000,16.041246
2014-10-24,16.629999,16.719999,16.559999,16.719999,41951400,16.166945
2014-10-23,16.58,16.73,16.52,16.60,68436600,16.050915
2014-10-22,16.59,16.700001,16.370001,16.40,85199800,15.85753
2014-10-21,16.43,16.610001,16.309999,16.60,78287300,16.050915
2014-10-20,16.200001,16.33,16.16,16.26,76510700,15.722161
2014-10-17,16.25,16.41,16.16,16.209999,94339200,15.673814
2014-10-16,15.61,16.25,15.52,16.08,148199400,15.548115
2014-10-15,16.23,16.24,15.43,15.76,216591800,15.2387
2014-10-14,16.51,16.629999,16.360001,16.52,97451900,15.973561
2014-10-13,16.48,16.67,16.40,16.40,92674100,15.85753
2014-10-10,16.52,16.77,16.360001,16.48,129552700,15.934884
2014-10-09,17.040001,17.110001,16.549999,16.59,121363100,16.041246
2014-10-08,16.879999,17.120001,16.719999,17.120001,101266800,16.553715
2014-10-07,17.18,17.200001,16.879999,16.879999,91396300,16.321652
2014-10-06,17.370001,17.41,17.219999,17.290001,66212100,16.718092
2014-10-03,17.110001,17.299999,17.059999,17.290001,110840600,16.718092
2014-10-02,16.860001,16.99,16.629999,16.879999,118018800,16.321652
2014-10-01,17.07,17.09,16.799999,16.82,91235900,16.263638
2014-09-30,17.08,17.110001,16.969999,17.049999,82217400,16.486029
2014-09-29,16.91,17.049999,16.879999,17.01,68038300,16.447353
2014-09-26,16.91,17.049999,16.889999,17.030001,66785900,16.466692
2014-09-25,17.16,17.18,16.85,16.85,104522500,16.292646
2014-09-24,17.120001,17.190001,16.969999,17.18,86396100,16.61173
2014-09-23,17.049999,17.200001,17.030001,17.049999,91921900,16.486029
2014-09-22,17.09,17.17,16.99,17.030001,109276700,16.466692
2014-09-19,17.15,17.17,16.879999,16.950001,88455000,16.389338
2014-09-18,16.879999,17.15,16.870001,17.040001,111923200,16.476362
2014-09-17,16.709999,16.93,16.68,16.77,82902700,16.215292
2014-09-16,16.67,16.84,16.67,16.709999,65017200,16.157275
2014-09-15,16.799999,16.93,16.620001,16.74,87306900,16.186284
2014-09-12,16.620001,16.83,16.610001,16.790001,116306800,16.234631
2014-09-11,16.32,16.629999,16.299999,16.57,106598100,16.021907
2014-09-10,16.16,16.40,16.129999,16.360001,75656100,15.818854
2014-09-09,16.25,16.26,16.10,16.139999,82428900,15.60613
2014-09-08,16.190001,16.370001,16.15,16.35,99411200,15.809185
2014-09-05,16.049999,16.07,15.90,16.02,80974900,15.4901
2014-09-04,16.10,16.27,16.040001,16.110001,56378600,15.577123
2014-09-03,16.27,16.280001,16.040001,16.10,67418900,15.567454
2014-09-02,16.139999,16.280001,16.059999,16.27,59400400,15.683485
2014-08-29,16.049999,16.139999,16.02,16.09,50106600,15.509974
2014-08-28,16.10,16.10,15.99,16.01,62170400,15.432858
2014-08-27,16.370001,16.389999,16.139999,16.200001,63061800,15.616009
2014-08-26,16.34,16.459999,16.32,16.33,73323400,15.741322
2014-08-25,16.27,16.40,16.200001,16.290001,89396500,15.702764
2014-08-22,16.16,16.290001,16.049999,16.129999,107641800,15.548531
2014-08-21,15.69,16.219999,15.62,16.16,177294400,15.57745
2014-08-20,15.41,15.63,15.37,15.52,57825000,14.960522
2014-08-19,15.52,15.65,15.44,15.45,44825500,14.893044
2014-08-18,15.28,15.45,15.27,15.45,54968600,14.893044
2014-08-15,15.34,15.41,15.14,15.22,61535500,14.671336
2014-08-14,15.26,15.32,15.26,15.32,29934600,14.767731
2014-08-13,15.25,15.29,15.20,15.25,34394600,14.700254
2014-08-12,15.18,15.30,15.15,15.21,33674400,14.661696
2014-08-11,15.26,15.27,15.15,15.22,41545100,14.671336
2014-08-08,15.08,15.20,14.99,15.20,54495000,14.652057
2014-08-07,15.44,15.44,15.09,15.12,80058300,14.574941
2014-08-06,15.14,15.36,15.14,15.20,95977900,14.652057
2014-08-05,15.01,15.20,14.90,15.00,65071500,14.459267
2014-08-04,15.07,15.12,14.98,15.05,51954700,14.507464
2014-08-01,15.18,15.39,14.84,14.98,115978900,14.439987
2014-07-31,15.44,15.55,15.25,15.25,70677300,14.700254
2014-07-30,15.43,15.67,15.31,15.58,83243100,15.018358
2014-07-29,15.52,15.53,15.34,15.34,51480500,14.78701
2014-07-28,15.59,15.61,15.46,15.50,39313000,14.941242
2014-07-25,15.59,15.63,15.55,15.59,35627200,15.027998
2014-07-24,15.56,15.64,15.55,15.62,46549800,15.056916
2014-07-23,15.52,15.63,15.51,15.52,47253300,14.960522
2014-07-22,15.59,15.62,15.47,15.52,58331100,14.960522
2014-07-21,15.42,15.55,15.36,15.52,61802200,14.960522
2014-07-18,15.27,15.50,15.25,15.49,74859200,14.931602
2014-07-17,15.45,15.48,15.13,15.20,114839900,14.652057
2014-07-16,15.66,15.66,15.43,15.51,123711700,14.950882
2014-07-15,15.75,15.85,15.66,15.81,99946700,15.240067
2014-07-14,15.62,15.67,15.52,15.57,59181700,15.008719
2014-07-11,15.39,15.43,15.30,15.38,56849400,14.825568
2014-07-10,15.33,15.53,15.25,15.44,61458500,14.883405
2014-07-09,15.62,15.69,15.54,15.60,46415800,15.037638
2014-07-08,15.82,15.83,15.52,15.58,73343400,15.018358
2014-07-07,15.99,16.00,15.83,15.94,62437100,15.36538
2014-07-03,16.07,16.23,16.00,16.030001,70582300,15.452137
2014-07-02,15.78,16.030001,15.76,15.85,87685800,15.278625
2014-07-01,15.38,15.65,15.38,15.60,74193500,15.037638
2014-06-30,15.31,15.45,15.29,15.37,47274500,14.815928
2014-06-27,15.38,15.42,15.31,15.33,58149200,14.77737
2014-06-26,15.44,15.53,15.27,15.41,68519600,14.854486
2014-06-25,15.45,15.49,15.28,15.47,71766400,14.912324
2014-06-24,15.56,15.70,15.44,15.49,73262500,14.931602
2014-06-23,15.47,15.65,15.38,15.64,58492200,15.076196
2014-06-20,15.63,15.63,15.44,15.45,54765300,14.893044
2014-06-19,15.66,15.67,15.50,15.55,40953900,14.979801
2014-06-18,15.63,15.69,15.44,15.65,70220300,15.076133
2014-06-17,15.27,15.62,15.26,15.59,58011600,15.018334
2014-06-16,15.30,15.31,15.18,15.28,55425400,14.719701
2014-06-13,15.46,15.55,15.33,15.44,61588100,14.873834
2014-06-12,15.57,15.66,15.38,15.42,66173200,14.854568
2014-06-11,15.69,15.82,15.55,15.59,73729300,15.018334
2014-06-10,15.78,15.94,15.73,15.92,49852900,15.336233
2014-06-09,15.60,15.88,15.60,15.84,78647900,15.259167
2014-06-06,15.45,15.65,15.43,15.59,73930500,15.018334
2014-06-05,15.28,15.48,15.22,15.43,60300500,14.864201
2014-06-04,15.19,15.26,15.15,15.21,39757300,14.652268
2014-06-03,15.20,15.28,15.11,15.21,49025400,14.652268
2014-06-02,15.16,15.28,15.05,15.26,46374000,14.700435
2014-05-30,15.12,15.23,15.07,15.14,45787100,14.584835
2014-05-29,15.12,15.21,15.10,15.15,39423000,14.594468
2014-05-28,15.27,15.28,15.03,15.14,72481700,14.584835
2014-05-27,15.00,15.31,14.98,15.22,125398900,14.661901
2014-05-23,14.71,14.81,14.65,14.72,51648900,14.180236
2014-05-22,14.58,14.72,14.55,14.71,51929400,14.170602
2014-05-21,14.59,14.71,14.50,14.61,64808600,14.074269
2014-05-20,14.65,14.69,14.48,14.53,60108200,13.997202
2014-05-19,14.43,14.70,14.38,14.67,51034700,14.132069
2014-05-16,14.51,14.54,14.37,14.51,80476100,13.977936
2014-05-15,14.82,14.83,14.39,14.55,104193000,14.016469
2014-05-14,14.99,15.02,14.81,14.84,52431900,14.295835
2014-05-13,15.04,15.10,14.94,15.03,58469100,14.478868
2014-05-12,14.79,15.10,14.79,15.07,70669900,14.517401
2014-05-09,14.95,14.99,14.67,14.74,86751600,14.199502
2014-05-08,14.85,15.04,14.80,14.93,65232700,14.382535
2014-05-07,14.86,14.92,14.75,14.80,91733000,14.257302
2014-05-06,15.03,15.03,14.72,14.73,96268300,14.189868
2014-05-05,15.08,15.13,15.02,15.08,51669100,14.527035
2014-05-02,15.18,15.29,15.10,15.25,73562900,14.690801
2014-05-01,15.14,15.22,15.03,15.09,68368300,14.536668
2014-04-30,15.26,15.27,15.13,15.14,82359700,14.584835
2014-04-29,15.04,15.30,14.91,15.24,155495000,14.681168
2014-04-28,15.33,15.41,14.86,14.95,344935200,14.401802
2014-04-25,16.10,16.23,15.93,15.95,84617700,15.365133
2014-04-24,16.43,16.50,16.209999,16.34,73910900,15.740832
2014-04-23,16.299999,16.40,16.23,16.370001,52425600,15.769733
2014-04-22,16.09,16.34,16.040001,16.290001,77888900,15.692666
2014-04-21,16.15,16.17,16.030001,16.09,51280500,15.50
2014-04-17,16.139999,16.25,15.93,16.15,104765500,15.557799
2014-04-16,16.200001,16.219999,15.78,16.129999,172948900,15.538532
2014-04-15,16.09,16.41,15.96,16.389999,134956600,15.788998
2014-04-14,16.049999,16.219999,15.78,16.00,99249400,15.4133
2014-04-11,15.86,16.129999,15.62,15.77,133757100,15.191734
2014-04-10,16.620001,16.620001,16.10,16.120001,98390900,15.5289
2014-04-09,16.549999,16.629999,16.35,16.620001,83096400,16.010566
2014-04-08,16.370001,16.50,16.25,16.440001,75769700,15.837166
2014-04-07,16.690001,16.700001,16.190001,16.379999,129464900,15.779365
2014-04-04,17.209999,17.219999,16.700001,16.719999,110409600,16.106897
2014-04-03,17.209999,17.24,17.030001,17.15,56534500,16.52113
2014-04-02,17.35,17.379999,17.129999,17.23,65349000,16.598197
2014-04-01,17.280001,17.40,17.26,17.34,57423800,16.704164
2014-03-31,17.15,17.27,17.120001,17.200001,62115800,16.569298
2014-03-28,17.09,17.15,16.85,16.98,79909500,16.357364
2014-03-27,17.280001,17.49,16.83,17.01,175139500,16.386264
2014-03-26,17.379999,17.40,17.18,17.18,97573700,16.550031
2014-03-25,17.49,17.58,17.200001,17.209999,98348600,16.578929
2014-03-24,17.620001,17.65,17.299999,17.370001,118500000,16.733064
2014-03-21,18.030001,18.030001,17.559999,17.559999,155721000,16.916096
2014-03-20,17.440001,18.00,17.43,17.92,167048700,17.262896
2014-03-19,17.16,17.49,17.120001,17.440001,105006500,16.800497
2014-03-18,17.139999,17.219999,17.07,17.190001,67402400,16.559664
2014-03-17,16.98,17.17,16.969999,17.110001,79942200,16.482598
2014-03-14,17.08,17.219999,16.76,16.799999,131297200,16.183964
2014-03-13,17.34,17.469999,17.07,17.16,100875700,16.530764
2014-03-12,17.18,17.33,17.07,17.280001,83309200,16.646364
2014-03-11,17.51,17.52,17.25,17.27,90183400,16.636731
2014-03-10,17.27,17.469999,17.25,17.469999,81732700,16.829396
2014-03-07,17.540001,17.59,17.25,17.33,109547100,16.69453
2014-03-06,17.42,17.629999,17.309999,17.35,138078900,16.713797
2014-03-05,16.790001,17.309999,16.780001,17.25,207180000,16.617464
2014-03-04,16.48,16.74,16.43,16.73,100849900,16.106897
2014-03-03,16.299999,16.41,16.190001,16.299999,87526800,15.692912
2014-02-28,16.49,16.65,16.35,16.530001,126252100,15.914347
2014-02-27,16.27,16.49,16.209999,16.49,71314500,15.875836
2014-02-26,16.360001,16.40,16.129999,16.33,89831600,15.721795
2014-02-25,16.50,16.559999,16.32,16.34,81457000,15.731423
2014-02-24,16.299999,16.629999,16.299999,16.530001,102909600,15.914347
2014-02-21,16.290001,16.49,16.25,16.290001,106236900,15.683286
2014-02-20,16.219999,16.360001,16.18,16.299999,107425900,15.692912
2014-02-19,16.379999,16.450001,16.18,16.200001,137734500,15.596638
2014-02-18,16.700001,16.74,16.469999,16.469999,121778600,15.85658
2014-02-14,16.74,16.76,16.65,16.700001,100684300,16.078016
2014-02-13,16.65,16.82,16.629999,16.75,95756900,16.126153
2014-02-12,16.870001,16.91,16.65,16.75,96948900,16.126153
2014-02-11,16.73,16.92,16.639999,16.879999,92617500,16.25131
2014-02-10,16.709999,16.73,16.60,16.719999,95792500,16.097269
2014-02-07,16.82,16.879999,16.629999,16.82,122571100,16.193545
2014-02-06,16.450001,16.73,16.440001,16.690001,110029100,16.068388
2014-02-05,16.309999,16.450001,16.15,16.40,110576200,15.789188
2014-02-04,16.49,16.559999,16.26,16.35,125337000,15.741051
2014-02-03,16.77,16.879999,16.299999,16.35,159981200,15.741051
2014-01-31,16.719999,16.98,16.610001,16.75,139432100,16.126153
2014-01-30,16.809999,16.99,16.77,16.93,91028200,16.299449
2014-01-29,16.549999,16.85,16.49,16.68,130026900,16.05876
2014-01-28,16.450001,16.76,16.370001,16.73,92891300,16.106897
2014-01-27,16.370001,16.540001,16.059999,16.309999,134872600,15.70254
2014-01-24,16.67,16.719999,16.450001,16.450001,112899300,15.837327
2014-01-23,17.07,17.09,16.74,16.860001,123765900,16.232056
2014-01-22,17.08,17.15,17.00,17.15,68114400,16.511254
2014-01-21,17.08,17.16,16.870001,17.01,118269200,16.376469
2014-01-17,17.200001,17.219999,16.99,17.01,96232200,16.376469
2014-01-16,17.09,17.139999,16.99,17.08,163613100,16.443862
2014-01-15,17.23,17.42,17.110001,17.15,329333100,16.511254
2014-01-14,16.540001,16.77,16.530001,16.77,97786600,16.145408
2014-01-13,16.790001,16.799999,16.40,16.43,90025400,15.818071
2014-01-10,16.75,16.790001,16.610001,16.77,87454100,16.145408
2014-01-09,16.67,16.93,16.610001,16.83,100947200,16.203173
2014-01-08,16.67,16.690001,16.52,16.58,101036400,15.962484
2014-01-07,16.77,16.790001,16.450001,16.50,110605100,15.885464
2014-01-06,16.629999,16.73,16.559999,16.66,114431300,16.039505
2014-01-03,16.27,16.50,16.23,16.41,129921800,15.798816
2014-01-02,15.69,16.16,15.68,16.10,148709900,15.500362
2013-12-31,15.60,15.62,15.51,15.57,57188900,14.990101
2013-12-30,15.64,15.69,15.52,15.54,56218800,14.961219
2013-12-27,15.67,15.70,15.58,15.67,40049300,15.086377
2013-12-26,15.74,15.75,15.64,15.65,48803600,15.067121
2013-12-24,15.72,15.75,15.67,15.70,21770400,15.115259
2013-12-23,15.72,15.79,15.69,15.69,52565800,15.105632
2013-12-20,15.75,15.87,15.60,15.60,131956000,15.018984
2013-12-19,15.66,15.79,15.60,15.75,97776100,15.163397
2013-12-18,15.28,15.71,15.06,15.69,152929300,15.105632
2013-12-17,15.24,15.30,15.14,15.18,74247300,14.614627
2013-12-16,15.22,15.34,15.20,15.24,71467000,14.672392
2013-12-13,15.28,15.33,15.13,15.18,61575600,14.614627
2013-12-12,15.26,15.35,15.12,15.25,76113900,14.68202
2013-12-11,15.55,15.55,15.18,15.25,117565000,14.68202
2013-12-10,15.52,15.68,15.51,15.56,67486300,14.980474
2013-12-09,15.62,15.67,15.56,15.58,50167200,14.999729
2013-12-06,15.61,15.72,15.46,15.56,92203100,14.980474
2013-12-05,15.61,15.64,15.36,15.43,95230500,14.855316
2013-12-04,15.39,15.73,15.36,15.63,96678100,15.047867
2013-12-03,15.64,15.79,15.39,15.54,106450300,14.951591
2013-12-02,15.84,15.97,15.70,15.73,92987400,15.134397
2013-11-29,15.84,15.92,15.79,15.82,44288400,15.220989
2013-11-27,15.87,15.94,15.76,15.83,75503600,15.23061
2013-11-26,15.84,15.97,15.81,15.88,114833700,15.278717
2013-11-25,15.67,15.98,15.66,15.81,153765500,15.211368
2013-11-22,15.70,15.79,15.60,15.64,110331100,15.047805
2013-11-21,15.22,15.60,15.20,15.59,142053600,14.999698
2013-11-20,15.25,15.27,15.08,15.14,107174900,14.566737
2013-11-19,14.98,15.30,14.97,15.20,161505600,14.624465
2013-11-18,14.98,15.17,14.86,14.92,145554400,14.355067
2013-11-15,14.79,14.95,14.77,14.92,105475300,14.355067
2013-11-14,14.68,14.82,14.61,14.80,128999400,14.239611
2013-11-13,14.26,14.64,14.20,14.64,128018500,14.085669
2013-11-12,14.33,14.46,14.26,14.32,69498300,13.777785
2013-11-11,14.27,14.42,14.24,14.40,66357400,13.854756
2013-11-08,13.86,14.32,13.84,14.32,158227300,13.777785
2013-11-07,14.00,14.03,13.80,13.80,80775000,13.277475
2013-11-06,13.99,14.02,13.91,13.96,66712900,13.431417
2013-11-05,13.99,14.02,13.90,13.93,71809700,13.402553
2013-11-04,14.09,14.12,14.00,14.04,53063200,13.508387
2013-11-01,14.00,14.10,13.96,14.02,75610400,13.489145
2013-10-31,14.14,14.16,13.96,13.97,105713400,13.441038
2013-10-30,14.19,14.29,14.15,14.17,76624200,13.633465
2013-10-29,14.26,14.29,14.06,14.15,79563100,13.614222
2013-10-28,14.29,14.32,14.21,14.23,62328000,13.691193
2013-10-25,14.15,14.27,14.14,14.26,58592400,13.720057
2013-10-24,14.12,14.20,14.07,14.17,92566100,13.633465
2013-10-23,14.45,14.48,14.17,14.21,108529700,13.67195
2013-10-22,14.55,14.63,14.45,14.52,102836000,13.970213
2013-10-21,14.53,14.59,14.47,14.52,91280600,13.970213
2013-10-18,14.68,14.72,14.53,14.63,96986400,14.076048
2013-10-17,14.45,14.66,14.41,14.66,94090800,14.104911
2013-10-16,14.32,14.61,14.32,14.56,153481000,14.008698
2013-10-15,14.39,14.43,14.21,14.24,102099300,13.700814
2013-10-14,14.06,14.39,14.05,14.35,78367500,13.80665
2013-10-11,14.24,14.28,14.11,14.19,83422000,13.652707
2013-10-10,14.03,14.25,14.01,14.23,102305800,13.691193
2013-10-09,13.72,13.93,13.69,13.84,96012800,13.31596
2013-10-08,13.83,13.90,13.68,13.69,92746200,13.171639
2013-10-07,13.91,13.95,13.80,13.81,64822700,13.287097
2013-10-04,14.02,14.08,13.96,14.05,63495400,13.518009
2013-10-03,14.07,14.10,13.83,14.00,95269000,13.469902
2013-10-02,13.81,14.10,13.79,14.06,89186300,13.52763
2013-10-01,13.85,13.92,13.81,13.90,57631000,13.373688
2013-09-30,13.69,13.93,13.60,13.80,104439900,13.277475
2013-09-27,13.99,14.03,13.88,13.90,79156000,13.373688
2013-09-26,14.19,14.22,13.98,14.08,89352900,13.546873
2013-09-25,14.12,14.24,14.03,14.14,86546100,13.604601
2013-09-24,14.18,14.25,14.01,14.09,96912800,13.556494
2013-09-23,14.31,14.32,14.09,14.14,127283100,13.604601
2013-09-20,14.65,14.66,14.44,14.44,145174800,13.893241
2013-09-19,14.80,14.83,14.58,14.61,79710700,14.056804
2013-09-18,14.53,14.82,14.49,14.71,127092600,14.153018
2013-09-17,14.53,14.62,14.40,14.55,73686100,13.999077
2013-09-16,14.61,14.68,14.53,14.53,65276500,13.979834
2013-09-13,14.46,14.55,14.45,14.49,56793400,13.941348
2013-09-12,14.65,14.68,14.46,14.48,63355900,13.931727
2013-09-11,14.56,14.68,14.52,14.65,81098900,14.09529
2013-09-10,14.52,14.69,14.52,14.61,93180300,14.056804
2013-09-09,14.41,14.49,14.37,14.48,53447300,13.931727
2013-09-06,14.47,14.50,14.27,14.36,75513100,13.81627
2013-09-05,14.41,14.55,14.36,14.37,71229200,13.825892
2013-09-04,14.21,14.40,14.21,14.32,71132500,13.777785
2013-09-03,14.30,14.38,14.18,14.25,74628700,13.700814
2013-08-30,14.23,14.25,14.07,14.12,73233400,13.575824
2013-08-29,14.14,14.30,14.12,14.17,76691500,13.623897
2013-08-28,14.07,14.25,13.99,14.12,96473600,13.575824
2013-08-27,14.26,14.41,14.10,14.11,122534200,13.566209
2013-08-26,14.53,14.70,14.49,14.49,68938900,13.931565
2013-08-23,14.59,14.69,14.51,14.57,67699200,14.008481
2013-08-22,14.47,14.60,14.40,14.57,76348300,14.008481
2013-08-21,14.26,14.48,14.20,14.34,91680600,13.787346
2013-08-20,14.18,14.38,13.98,14.29,114332500,13.739273
2013-08-19,14.37,14.38,14.13,14.15,98384600,13.604668
2013-08-16,14.29,14.47,14.21,14.42,104959000,13.864263
2013-08-15,14.46,14.47,14.31,14.32,99238900,13.768116
2013-08-14,14.55,14.75,14.54,14.60,78553700,14.037326
2013-08-13,14.47,14.62,14.33,14.51,75777900,13.950794
2013-08-12,14.36,14.47,14.32,14.41,60867500,13.854648
2013-08-09,14.56,14.61,14.40,14.45,72897900,13.893106
2013-08-08,14.68,14.70,14.44,14.61,88544100,14.04694
2013-08-07,14.43,14.57,14.25,14.53,128693600,13.970023
2013-08-06,14.74,14.76,14.63,14.64,84249800,14.075784
2013-08-05,14.77,14.84,14.70,14.80,61711900,14.229618
2013-08-02,14.88,14.91,14.78,14.84,83367400,14.268076
2013-08-01,14.85,14.97,14.82,14.95,108554200,14.373837
2013-07-31,14.58,14.85,14.57,14.60,128182500,14.037326
2013-07-30,14.58,14.63,14.46,14.52,71675200,13.960409
2013-07-29,14.65,14.70,14.45,14.52,88616700,13.960409
2013-07-26,14.70,14.76,14.62,14.73,73777800,14.162315
2013-07-25,14.62,14.85,14.54,14.83,89243300,14.258461
2013-07-24,15.00,15.00,14.68,14.71,117771100,14.143086
2013-07-23,14.98,15.03,14.86,14.94,113736000,14.364222
2013-07-22,14.74,14.99,14.65,14.92,112416800,14.344993
2013-07-19,14.76,14.76,14.60,14.75,136196600,14.181545
2013-07-18,14.40,14.85,14.40,14.76,221796400,14.191159
2013-07-17,14.06,14.44,14.04,14.31,249674500,13.758502
2013-07-16,13.93,14.02,13.77,13.92,146041900,13.383532
2013-07-15,13.93,13.94,13.76,13.88,90765200,13.345074
2013-07-12,13.54,13.80,13.47,13.78,123958400,13.248927
2013-07-11,13.54,13.58,13.33,13.51,93756500,12.989334
2013-07-10,13.51,13.53,13.31,13.37,104353400,12.854729
2013-07-09,13.37,13.53,13.25,13.53,106067300,13.008562
2013-07-08,13.11,13.37,13.08,13.28,107441200,12.768197
2013-07-05,12.99,13.08,12.91,13.06,80758500,12.556676
2013-07-03,12.82,12.84,12.73,12.83,37971700,12.33554
2013-07-02,12.95,13.10,12.80,12.90,83708600,12.402842
2013-07-01,12.95,13.10,12.92,12.93,83146300,12.431686
2013-06-28,12.97,13.00,12.84,12.86,90297100,12.364384
2013-06-27,12.84,13.03,12.78,13.01,124616300,12.508603
2013-06-26,12.84,12.85,12.68,12.76,105282000,12.268238
2013-06-25,12.61,12.77,12.43,12.67,132844500,12.181707
2013-06-24,12.40,12.45,12.13,12.30,159762500,11.825966
2013-06-21,12.99,13.00,12.39,12.69,196004700,12.200935
2013-06-20,13.08,13.14,12.80,12.89,185741100,12.393228
2013-06-19,13.29,13.40,13.17,13.19,103850000,12.681666
2013-06-18,13.22,13.34,13.20,13.27,67257600,12.758583
2013-06-17,13.17,13.26,13.13,13.21,115441500,12.700895
2013-06-14,13.23,13.24,13.03,13.07,101380700,12.56629
2013-06-13,13.00,13.26,12.97,13.21,103636400,12.700895
2013-06-12,13.24,13.25,12.97,13.06,117289400,12.556676
2013-06-11,13.11,13.28,13.07,13.12,106369100,12.614364
2013-06-10,13.49,13.55,13.26,13.30,104648500,12.787427
2013-06-07,13.33,13.39,13.15,13.38,121057300,12.864344
2013-06-06,13.08,13.24,12.85,13.20,142361900,12.69128
2013-06-05,13.29,13.45,12.97,13.09,185778900,12.58552
2013-06-04,13.51,13.67,13.31,13.36,130055400,12.8355
2013-06-03,13.69,13.73,13.21,13.55,197168200,13.018041
2013-05-31,13.91,13.99,13.65,13.66,160176100,13.123723
2013-05-30,13.50,13.93,13.43,13.83,153383400,13.287049
2013-05-29,13.31,13.56,13.27,13.48,126397300,12.950789
2013-05-28,13.49,13.51,13.31,13.35,133553000,12.825893
2013-05-24,13.17,13.26,13.12,13.24,83452600,12.720211
2013-05-23,12.93,13.42,12.82,13.21,190522000,12.691389
2013-05-22,13.49,13.73,13.17,13.31,174531500,12.787464
2013-05-21,13.53,13.56,13.36,13.44,111810300,12.912359
2013-05-20,13.39,13.60,13.39,13.51,88941700,12.979612
2013-05-17,13.50,13.52,13.39,13.43,107335600,12.902753
2013-05-16,13.41,13.55,13.32,13.36,117977000,12.8355
2013-05-15,13.29,13.55,13.29,13.44,139728300,12.912359
2013-05-14,13.04,13.36,13.02,13.34,154128100,12.816286
2013-05-13,12.98,13.10,12.95,12.98,94295600,12.470418
2013-05-10,12.94,13.04,12.89,13.02,87625100,12.508849
2013-05-09,13.05,13.06,12.87,12.91,112952300,12.403167
2013-05-08,12.85,13.18,12.84,13.02,149755400,12.508849
2013-05-07,12.92,13.11,12.76,12.90,218248100,12.393559
2013-05-06,12.39,12.89,12.36,12.88,265062800,12.374345
2013-05-03,12.36,12.41,12.21,12.24,94322600,11.75947
2013-05-02,12.17,12.21,12.05,12.19,76530500,11.711433
2013-05-01,12.20,12.27,12.08,12.14,88417800,11.663397
2013-04-30,12.39,12.40,12.20,12.31,89362100,11.826723
2013-04-29,12.45,12.48,12.37,12.38,65432400,11.893974
2013-04-26,12.34,12.46,12.29,12.42,83093200,11.932404
2013-04-25,12.39,12.54,12.36,12.44,118694600,11.951618
2013-04-24,12.14,12.37,12.12,12.31,120624900,11.826723
2013-04-23,11.92,12.16,11.90,12.07,176816000,11.596144
2013-04-22,11.68,11.75,11.57,11.72,88532300,11.259885
2013-04-19,11.56,11.69,11.43,11.66,119792000,11.20224
2013-04-18,11.61,11.65,11.23,11.44,220290500,10.990877
2013-04-17,11.91,12.02,11.45,11.70,335408600,11.24067
2013-04-16,12.21,12.36,12.08,12.28,147641900,11.7979
2013-04-15,12.19,12.32,11.97,11.98,176504300,11.509677
2013-04-12,12.15,12.25,12.07,12.17,88191700,11.692219
2013-04-11,12.31,12.33,12.16,12.27,100241900,11.788293
2013-04-10,12.31,12.40,12.26,12.32,105853900,11.836329
2013-04-09,12.25,12.35,12.21,12.25,132365800,11.769078
2013-04-08,12.00,12.21,11.91,12.21,101419200,11.730648
2013-04-05,11.67,12.01,11.64,11.97,141061900,11.500071
2013-04-04,11.81,11.99,11.72,11.94,117831400,11.471248
2013-04-03,12.12,12.14,11.72,11.81,199765800,11.346352
2013-04-02,12.24,12.25,12.14,12.15,102626000,11.673003
2013-04-01,12.15,12.28,12.10,12.15,86281600,11.673003
2013-03-28,12.24,12.28,12.11,12.18,92013900,11.701826
2013-03-27,12.14,12.28,12.12,12.23,107177200,11.749863
2013-03-26,12.45,12.50,12.15,12.28,135654700,11.7979
2013-03-25,12.68,12.72,12.32,12.40,154320200,11.913189
2013-03-22,12.62,12.67,12.48,12.56,101974400,12.066908
2013-03-21,12.71,12.84,12.55,12.57,154529400,12.076515
2013-03-20,12.79,12.89,12.71,12.78,219121700,12.27827
2013-03-19,12.79,12.94,12.59,12.71,242939600,12.211019
2013-03-18,12.29,12.68,12.26,12.56,189783300,12.066908
2013-03-15,12.52,12.66,12.35,12.57,319019100,12.076515
2013-03-14,12.12,12.19,12.10,12.11,115440000,11.634574
2013-03-13,12.04,12.11,11.98,12.06,86216800,11.586537
2013-03-12,12.11,12.18,11.91,12.01,128134700,11.5385
2013-03-11,12.08,12.22,12.02,12.15,106427800,11.673003
2013-03-08,12.42,12.44,12.02,12.07,209777100,11.596144
2013-03-07,12.00,12.28,11.98,12.26,212403800,11.778685
2013-03-06,11.77,12.02,11.76,11.92,182557500,11.452033
2013-03-05,11.56,11.71,11.53,11.55,135869700,11.096559
2013-03-04,11.27,11.45,11.22,11.41,116436000,10.962055
2013-03-01,11.13,11.55,11.02,11.34,189050700,10.894804
2013-02-28,11.33,11.37,11.20,11.23,143546700,10.789121
2013-02-27,11.15,11.36,11.10,11.30,147145400,10.856374
2013-02-26,11.12,11.22,11.03,11.13,173039600,10.683441
2013-02-25,11.60,11.61,10.98,11.03,206893900,10.587452
2013-02-22,11.62,11.64,11.26,11.44,179268200,10.981002
2013-02-21,11.73,11.73,11.35,11.42,235532400,10.961805
2013-02-20,12.18,12.29,11.75,11.80,193466400,11.326559
2013-02-19,12.10,12.31,12.06,12.19,170783400,11.700911
2013-02-15,12.21,12.21,11.97,12.03,158242700,11.54733
2013-02-14,12.09,12.27,12.07,12.13,144104800,11.643318
2013-02-13,12.35,12.42,12.05,12.17,192742500,11.681713
2013-02-12,11.87,12.34,11.78,12.25,232173900,11.758504
2013-02-11,11.73,11.90,11.67,11.86,103510800,11.384151
2013-02-08,11.86,11.90,11.72,11.76,145321100,11.288164
2013-02-07,11.97,11.98,11.73,11.84,173209900,11.364954
2013-02-06,11.73,11.97,11.73,11.93,173626800,11.451343
2013-02-05,11.59,11.98,11.56,11.88,187785900,11.403349
2013-02-04,11.58,11.69,11.46,11.48,139733000,11.019397
2013-02-01,11.41,11.73,11.37,11.71,161141300,11.24017
2013-01-31,11.32,11.36,11.22,11.32,97024700,10.865817
2013-01-30,11.49,11.54,11.35,11.38,89130200,10.92341
2013-01-29,11.42,11.58,11.40,11.49,96824100,11.028996
2013-01-28,11.64,11.67,11.43,11.48,91304200,11.019397
2013-01-25,11.69,11.72,11.51,11.62,100171600,11.15378
2013-01-24,11.45,11.67,11.42,11.53,127870800,11.067391
2013-01-23,11.38,11.44,11.23,11.42,121638200,10.961805
2013-01-22,11.12,11.36,11.09,11.35,137242700,10.894614
2013-01-18,11.26,11.33,11.02,11.14,179971800,10.69304
2013-01-17,11.69,11.70,11.17,11.28,323622200,10.827422
2013-01-16,11.58,11.79,11.47,11.78,164579300,11.307361
2013-01-15,11.38,11.62,11.30,11.55,126058300,11.086589
2013-01-14,11.61,11.63,11.38,11.47,110032900,11.009799
2013-01-11,11.70,11.72,11.51,11.63,146136700,11.163379
2013-01-10,11.61,11.81,11.54,11.78,199964900,11.307361
2013-01-09,11.87,12.00,11.33,11.43,335692000,10.971404
2013-01-08,12.09,12.10,11.89,11.98,168461100,11.499336
2013-01-07,12.15,12.20,12.00,12.09,201403500,11.604923
2013-01-04,11.97,12.11,11.93,12.11,132601900,11.62412
2013-01-03,12.01,12.05,11.88,11.96,157149700,11.480139
2013-01-02,12.05,12.15,11.90,12.03,236021400,11.54733
2012-12-31,11.37,11.65,11.30,11.61,170837500,11.144181
2012-12-28,11.32,11.49,11.27,11.36,131872200,10.904212
2012-12-27,11.66,11.69,11.23,11.47,210411400,11.009799
2012-12-26,11.29,11.63,11.27,11.54,146097900,11.07699
2012-12-24,11.27,11.29,11.21,11.25,50657100,10.798626
2012-12-21,11.20,11.35,11.12,11.29,244892300,10.837021
2012-12-20,11.10,11.52,11.08,11.52,184449000,11.057793
2012-12-19,11.40,11.49,11.17,11.19,193013700,10.741033
2012-12-18,11.24,11.36,11.05,11.36,255238400,10.904212
2012-12-17,10.65,11.00,10.64,11.00,170087700,10.558656
2012-12-14,10.55,10.60,10.52,10.58,91707200,10.155508
2012-12-13,10.59,10.66,10.51,10.54,106232100,10.117112
2012-12-12,10.59,10.70,10.51,10.61,166819300,10.184304
2012-12-11,10.64,10.71,10.50,10.51,159121300,10.088316
2012-12-10,10.60,10.63,10.46,10.57,148065200,10.145909
2012-12-07,10.56,10.68,10.48,10.64,192055100,10.213101
2012-12-06,10.51,10.58,10.29,10.46,176607900,10.040322
2012-12-05,9.97,10.56,9.95,10.46,463491000,10.040322
2012-12-04,9.79,9.91,9.77,9.91,144124500,9.50279
2012-12-03,9.93,9.94,9.78,9.80,99872800,9.39731
2012-11-30,9.78,9.87,9.76,9.86,108739700,9.454845
2012-11-29,9.84,9.88,9.76,9.83,125905400,9.426077
2012-11-28,9.56,9.76,9.38,9.76,152946500,9.358954
2012-11-27,9.89,9.95,9.66,9.66,149684000,9.263063
2012-11-26,9.82,9.87,9.75,9.84,99730900,9.435667
2012-11-23,9.84,9.90,9.80,9.90,59048000,9.493201
2012-11-21,9.67,9.78,9.63,9.77,132499300,9.368543
2012-11-20,9.47,9.68,9.42,9.63,150696200,9.234296
2012-11-19,9.36,9.53,9.32,9.49,146244000,9.100048
2012-11-16,9.12,9.21,8.92,9.12,178995000,8.745252
2012-11-15,9.03,9.20,9.02,9.09,144569800,8.716485
2012-11-14,9.38,9.42,8.95,8.99,197392900,8.620594
2012-11-13,9.31,9.55,9.28,9.33,119629700,8.946623
2012-11-12,9.50,9.52,9.38,9.39,68498300,9.004158
2012-11-09,9.30,9.59,9.27,9.43,141093100,9.042514
2012-11-08,9.49,9.60,9.38,9.39,223927000,9.004158
2012-11-07,9.63,9.67,9.22,9.23,286124300,8.850732
2012-11-06,9.83,9.97,9.75,9.94,132533500,9.531557
2012-11-05,9.83,9.93,9.62,9.75,121104400,9.349365
2012-11-02,9.87,9.97,9.77,9.85,220993300,9.445256
2012-11-01,9.34,9.75,9.27,9.74,205700000,9.339776
2012-10-31,9.20,9.35,9.15,9.32,94925500,8.937034
2012-10-26,9.17,9.27,9.05,9.12,124687200,8.745252
2012-10-25,9.37,9.42,9.17,9.24,121778900,8.860321
2012-10-24,9.45,9.49,9.30,9.31,120868300,8.927445
2012-10-23,9.44,9.47,9.28,9.36,160627600,8.97539
2012-10-22,9.47,9.56,9.41,9.55,132617600,9.157583
2012-10-19,9.42,9.55,9.39,9.44,169451300,9.052103
2012-10-18,9.38,9.57,9.37,9.47,149739000,9.080871
2012-10-17,9.42,9.60,9.30,9.44,229733500,9.052103
2012-10-16,9.53,9.60,9.38,9.46,172663600,9.071281
2012-10-15,9.24,9.44,9.16,9.44,154458500,9.052103
2012-10-12,9.16,9.28,9.05,9.12,158562500,8.745252
2012-10-11,9.39,9.42,9.30,9.34,122925800,8.956212
2012-10-10,9.19,9.27,9.06,9.21,110640900,8.831554
2012-10-09,9.33,9.38,9.04,9.21,153036100,8.831554
2012-10-08,9.16,9.38,9.13,9.28,81944200,8.898677
2012-10-05,9.56,9.65,9.23,9.32,204255800,8.937034
2012-10-04,9.20,9.42,9.15,9.41,160486300,9.023336
2012-10-03,8.98,9.12,8.91,9.11,115670100,8.735663
2012-10-02,9.10,9.11,8.88,8.93,109601600,8.56306
2012-10-01,8.87,9.13,8.85,8.96,133194500,8.591827
2012-09-28,8.89,8.93,8.79,8.83,119039200,8.467168
2012-09-27,8.94,9.07,8.90,8.97,119023800,8.601416
2012-09-26,8.86,8.91,8.70,8.82,158640100,8.457579
2012-09-25,9.17,9.21,8.91,8.93,146678000,8.56306
2012-09-24,8.99,9.20,8.95,9.10,113331700,8.726074
2012-09-21,9.35,9.35,9.08,9.11,155865300,8.735663
2012-09-20,9.14,9.25,9.08,9.19,111354300,8.812375
2012-09-19,9.33,9.46,9.26,9.29,126360100,8.908267
2012-09-18,9.16,9.29,9.09,9.23,150503600,8.850732
2012-09-17,9.39,9.49,9.27,9.30,141409300,8.917856
2012-09-14,9.60,9.79,9.45,9.55,329619800,9.157583
2012-09-13,8.89,9.48,8.81,9.40,330759200,9.013746
2012-09-12,9.15,9.19,8.87,8.97,204167100,8.601416
2012-09-11,8.63,9.05,8.58,9.03,201630400,8.65895
2012-09-10,8.84,8.92,8.53,8.58,190045600,8.227441
2012-09-07,8.47,8.80,8.45,8.80,232843000,8.438401
2012-09-06,8.04,8.35,8.03,8.35,200570300,8.006892
2012-09-05,7.99,8.02,7.93,7.95,55769500,7.623328
2012-09-04,8.00,8.11,7.95,8.00,81461800,7.661685
2012-08-31,8.00,8.02,7.88,7.99,91730500,7.652107
2012-08-30,7.95,7.95,7.83,7.91,91900100,7.57549
2012-08-29,7.98,8.10,7.98,8.00,106910900,7.661685
2012-08-28,8.04,8.11,7.95,7.96,96280400,7.623376
2012-08-27,8.20,8.20,8.05,8.07,96142100,7.728724
2012-08-24,8.12,8.21,8.03,8.16,88822200,7.814918
2012-08-23,8.22,8.27,8.12,8.15,98866200,7.805341
2012-08-22,8.14,8.32,8.12,8.22,140333800,7.872381
2012-08-21,8.25,8.40,8.16,8.19,190820700,7.843649
2012-08-20,7.98,8.19,7.98,8.15,100276900,7.805341
2012-08-17,7.97,8.12,7.94,8.00,138307600,7.661685
2012-08-16,7.89,7.96,7.83,7.93,78181200,7.594645
2012-08-15,7.75,7.87,7.73,7.87,73559200,7.537182
2012-08-14,7.78,7.90,7.74,7.78,104644000,7.450988
2012-08-13,7.72,7.83,7.68,7.72,58341300,7.393525
2012-08-10,7.66,7.76,7.63,7.74,50443800,7.41268
2012-08-09,7.68,7.76,7.67,7.72,59676500,7.393525
2012-08-08,7.58,7.77,7.57,7.67,73353500,7.34564
2012-08-07,7.71,7.85,7.66,7.67,119572200,7.34564
2012-08-06,7.45,7.68,7.44,7.64,112657000,7.316909
2012-08-03,7.30,7.49,7.27,7.43,130250800,7.115789
2012-08-02,7.12,7.26,7.10,7.18,112848000,6.876362
2012-08-01,7.35,7.36,7.21,7.22,97187800,6.91467
2012-07-31,7.28,7.34,7.21,7.34,86093200,7.029596
2012-07-30,7.28,7.38,7.26,7.28,74683800,6.972133
2012-07-27,7.20,7.40,7.14,7.31,146210900,7.000864
2012-07-26,7.22,7.24,7.11,7.17,121121500,6.866785
2012-07-25,7.11,7.16,7.01,7.07,117241300,6.771014
2012-07-24,7.16,7.18,6.97,7.04,138286700,6.742282
2012-07-23,6.94,7.15,6.90,7.09,168638000,6.790168
2012-07-20,7.21,7.21,7.06,7.07,160463000,6.771014
2012-07-19,7.56,7.65,7.12,7.26,260959200,6.952979
2012-07-18,7.88,7.93,7.50,7.53,254341100,7.211561
2012-07-17,7.92,7.93,7.75,7.92,127266800,7.585068
2012-07-16,7.93,7.96,7.77,7.81,109439900,7.479719
2012-07-13,7.56,7.83,7.55,7.82,177154500,7.489297
2012-07-12,7.53,7.55,7.43,7.48,107637000,7.163675
2012-07-11,7.49,7.69,7.45,7.63,128619400,7.307332
2012-07-10,7.65,7.67,7.40,7.48,101758300,7.163675
2012-07-09,7.63,7.70,7.53,7.56,87078300,7.240292
2012-07-06,7.69,7.80,7.65,7.66,116595200,7.336063
2012-07-05,8.03,8.06,7.82,7.82,120162000,7.489297
2012-07-03,8.06,8.12,8.01,8.06,57653700,7.719148
2012-07-02,8.20,8.21,7.87,8.05,152974000,7.70957
2012-06-29,8.00,8.20,7.95,8.18,258769800,7.834073
2012-06-28,7.62,7.75,7.53,7.74,133125300,7.41268
2012-06-27,7.68,7.82,7.61,7.77,111335500,7.441411
2012-06-26,7.65,7.68,7.48,7.62,129776500,7.297754
2012-06-25,7.74,7.74,7.56,7.60,151907200,7.2786
2012-06-22,7.97,8.01,7.79,7.94,142219300,7.604222
2012-06-21,8.11,8.17,7.80,7.82,227157600,7.489297
2012-06-20,8.16,8.22,8.02,8.14,213582800,7.795764
2012-06-19,7.88,8.21,7.86,8.11,248771500,7.767032
2012-06-18,7.77,7.91,7.73,7.76,140319900,7.431834
2012-06-15,7.72,7.90,7.55,7.90,211751900,7.565914
2012-06-14,7.52,7.69,7.45,7.66,157528300,7.336063
2012-06-13,7.40,7.61,7.35,7.50,162374500,7.182829
2012-06-12,7.32,7.50,7.22,7.49,148255600,7.173252
2012-06-11,7.72,7.77,7.28,7.28,204590700,6.972133
2012-06-08,7.35,7.58,7.20,7.56,234555000,7.240292
2012-06-07,7.81,7.90,7.38,7.42,276170400,7.106212
2012-06-06,7.24,7.77,7.18,7.64,356852900,7.316909
2012-06-05,6.91,7.14,6.90,7.10,147346700,6.799745
2012-06-04,7.10,7.10,6.85,6.90,163821500,6.608203
2012-06-01,7.12,7.19,6.94,7.02,240859000,6.723128
2012-05-31,7.21,7.37,7.04,7.35,203267300,7.039173
2012-05-30,7.33,7.41,7.10,7.20,206801500,6.895516
2012-05-29,7.28,7.45,7.22,7.44,159872200,7.11579
2012-05-25,7.07,7.25,7.07,7.15,108661200,6.838427
2012-05-24,7.26,7.33,7.01,7.14,206041500,6.828863
2012-05-23,6.90,7.17,6.85,7.17,194441500,6.857555
2012-05-22,6.92,7.15,6.86,6.98,221551500,6.675835
2012-05-21,7.03,7.11,6.72,6.83,229980800,6.532371
2012-05-18,7.01,7.03,6.89,7.02,223783500,6.714092
2012-05-17,7.10,7.25,6.93,6.98,241468300,6.675835
2012-05-16,7.40,7.47,7.08,7.11,216226100,6.80017
2012-05-15,7.37,7.55,7.25,7.30,201254900,6.981891
2012-05-14,7.37,7.52,7.35,7.35,170716800,7.029711
2012-05-11,7.48,7.77,7.41,7.55,245533600,7.220996
2012-05-10,7.91,7.94,7.67,7.70,156787300,7.36446
2012-05-09,7.67,7.82,7.65,7.73,174742300,7.393152
2012-05-08,7.87,7.90,7.69,7.79,180627900,7.450538
2012-05-07,7.71,8.00,7.66,7.96,167662600,7.61313
2012-05-04,7.90,7.92,7.70,7.74,194857200,7.402716
2012-05-03,8.18,8.18,7.91,8.00,204584500,7.651387
2012-05-02,8.21,8.23,8.12,8.16,136208900,7.804414
2012-05-01,8.11,8.40,8.08,8.31,177953400,7.947878
2012-04-30,8.22,8.24,8.04,8.11,137422300,7.756593
